image,otolithID,scientific_name,family,detail_url,locality
00001.jpg,CMLRE/OTL/00001,Synagrops japonicus,Acropomatidae,https://indobis.in/otodetails/?otolithID=CMLRE/OTL/00001,Off South Andaman
00002.jpg,CMLRE/OTL/00006,Alepocephalus blanfordii,Alepocephalidae,https://indobis.in/otodetails/?otolithID=CMLRE/OTL/00006,Off Trivandrum
00003.jpg,CMLRE/OTL/00007,Narcetes stomias,Alepocephalidae,https://indobis.in/otodetails/?otolithID=CMLRE/OTL/00007,Off Trivandrum
00004.jpg,CMLRE/OTL/00030,Alepocephalus bicolor,Alepocephalidae,https://indobis.in/otodetails/?otolithID=CMLRE/OTL/00030,Off South-West Andaman
00005.jpg,CMLRE/OTL/00035,Talismania longifilis,Alepocephalidae,https://indobis.in/otodetails/?otolithID=CMLRE/OTL/00035,Off Trivandrum
00006.jpg,CMLRE/OTL/00034,Bathyclupea elongata,Bathyclupeidae,https://indobis.in/otodetails/?otolithID=CMLRE/OTL/00034,Off Trivandrum
00007.jpg,CMLRE/OTL/00016,Beryx splendens,Berycidae,https://indobis.in/otodetails/?otolithID=CMLRE/OTL/00016,Off Allapuzha
00008.jpg,CMLRE/OTL/00002,Psenopsis obscura,Centrolophidae,https://indobis.in/otodetails/?otolithID=CMLRE/OTL/00002,Off East Andaman
00009.jpg,CMLRE/OTL/00037,Psenopsis cyanea,Centrolophidae,https://indobis.in/otodetails/?otolithID=CMLRE/OTL/00037,Off Kannur
00010.jpg,CMLRE/OTL/00003,Chlorophthalmus actifrons,Chlorophthalmidae,https://indobis.in/otodetails/?otolithID=CMLRE/OTL/00003,Off East Andaman
00011.jpg,CMLRE/OTL/00028,Chlorophthalmus corniger,Chlorophthalmidae,https://indobis.in/otodetails/?otolithID=CMLRE/OTL/00028,Off South Andaman
00012.jpg,CMLRE/OTL/00032,Coloconger raniceps,Colocongridae,https://indobis.in/otodetails/?otolithID=CMLRE/OTL/00032,Off Trivandrum
00013.jpg,CMLRE/OTL/00010,Bathyuroconger vicinus,Congridae,https://indobis.in/otodetails/?otolithID=CMLRE/OTL/00010,Off Trivandrum
00014.jpg,CMLRE/OTL/00033,Xenomystax trucidans,Congridae,https://indobis.in/otodetails/?otolithID=CMLRE/OTL/00033,Off Trivandrum
00015.jpg,CMLRE/OTL/00029,Diretmoides veriginae,Diretmidae,https://indobis.in/otodetails/?otolithID=CMLRE/OTL/00029,Off South-West Andaman
00016.jpg,CMLRE/OTL/00015,Rexea prometheoides,Gempylidae,https://indobis.in/otodetails/?otolithID=CMLRE/OTL/00015,Off Allapuzha
00017.jpg,CMLRE/OTL/00021,Neoepinnula orientalis,Gempylidae,https://indobis.in/otodetails/?otolithID=CMLRE/OTL/00021,Off Chennai
00018.jpg,CMLRE/OTL/00011,Bathypterois atricolor,Ipnopidae,https://indobis.in/otodetails/?otolithID=CMLRE/OTL/00011,Terrace of Trivandrum
00019.jpg,CMLRE/OTL/00022,Physiculus roseus,Moridae,https://indobis.in/otodetails/?otolithID=CMLRE/OTL/00022,Off Chennai
00020.jpg,CMLRE/OTL/00036,Gavialiceps taeniola,Muraenesocidae,https://indobis.in/otodetails/?otolithID=CMLRE/OTL/00036,Off Karwar
00021.jpg,CMLRE/OTL/00018,Nemipterus japonicus,Nemipteridae,https://indobis.in/otodetails/?otolithID=CMLRE/OTL/00018,Off Allapuzha
00022.jpg,CMLRE/OTL/00031,Lamprogrammus fragilis,Neobythitinae,https://indobis.in/otodetails/?otolithID=CMLRE/OTL/00031,Off Karwar
00023.jpg,CMLRE/OTL/00027,Cubiceps baxteri,Nomeidae,https://indobis.in/otodetails/?otolithID=CMLRE/OTL/00027,Off South Andaman
00024.jpg,CMLRE/OTL/00008,Lamprogrammus niger,Ophidiidae,https://indobis.in/otodetails/?otolithID=CMLRE/OTL/00008,Off Trivandrum
00025.jpg,CMLRE/OTL/00026,Ostracoberx dorygenys,Ostracoberycidae,https://indobis.in/otodetails/?otolithID=CMLRE/OTL/00026,Off South Andaman
00026.jpg,CMLRE/OTL/00020,Bembrops caudimacula,Percophidae,https://indobis.in/otodetails/?otolithID=CMLRE/OTL/00020,Off Allapuzha
00027.jpg,CMLRE/OTL/00025,Satyrichthys milleri,Peristediidae,https://indobis.in/otodetails/?otolithID=CMLRE/OTL/00025,Off North-East Andaman
00028.jpg,CMLRE/OTL/00014,Grammoplites suppositus,Platycephalidae,https://indobis.in/otodetails/?otolithID=CMLRE/OTL/00014,Off East Andaman
00029.jpg,CMLRE/OTL/00004,Polymixia fusca,Polymixiidae,https://indobis.in/otodetails/?otolithID=CMLRE/OTL/00004,Off East Andaman
00030.jpg,CMLRE/OTL/00017,Atrobucca nibe,Sciaenidae,https://indobis.in/otodetails/?otolithID=CMLRE/OTL/00017,Off Gujarat
00031.jpg,CMLRE/OTL/00013,Saurida tumbil,Synodontidae,https://indobis.in/otodetails/?otolithID=CMLRE/OTL/00013,Off East Andaman
00032.jpg,CMLRE/OTL/00005,Hoplostethus melanopus,Trachichthyidae,https://indobis.in/otodetails/?otolithID=CMLRE/OTL/00005,Off Trivandrum
00033.jpg,CMLRE/OTL/00012,Gephyroberys darwinii,Trachichthyidae,https://indobis.in/otodetails/?otolithID=CMLRE/OTL/00012,Off East Andaman
00034.jpg,CMLRE/OTL/00024,Hoplostethus rubellopterus,Trachichthyidae,https://indobis.in/otodetails/?otolithID=CMLRE/OTL/00024,Off Malappuram
00035.jpg,CMLRE/OTL/00009,Aphanopus microphthalmus,Trichiuridae,https://indobis.in/otodetails/?otolithID=CMLRE/OTL/00009,Off Trivandrum
00036.jpg,CMLRE/OTL/00023,Trichurus lepturus,Trichiuridae,https://indobis.in/otodetails/?otolithID=CMLRE/OTL/00023,Off Chennai
00037.jpg,CMLRE/OTL/00019,Pterygotrigla hemistica,Triglidae,https://indobis.in/otodetails/?otolithID=CMLRE/OTL/00019,Off Allapuzha
