image,otolithID,scientific_name,family,detail_url,locality
00001.jpg,CMLRE/OTL/00001,Synagrops japonicus,Acropomatidae,https://indobis.in/otodetails/?otolithID=CMLRE/OTL/00001,Off South Andaman
00032.jpg,CMLRE/OTL/00005,Hoplostethus melanopus,Trachichthyidae,https://indobis.in/otodetails/?otolithID=CMLRE/OTL/00005,Off Trivandrum
00031.jpg,CMLRE/OTL/00013,Saurida tumbil,Synodontidae,https://indobis.in/otodetails/?otolithID=CMLRE/OTL/00013,Off East Andaman
00025.jpg,CMLRE/OTL/00026,Ostracoberx dorygenys,Ostracoberycidae,https://indobis.in/otodetails/?otolithID=CMLRE/OTL/00026,Off South Andaman
00008.jpg,CMLRE/OTL/00002,Psenopsis obscura,Centrolophidae,https://indobis.in/otodetails/?otolithID=CMLRE/OTL/00002,Off East Andaman
00028.jpg,CMLRE/OTL/00014,Grammoplites suppositus,Platycephalidae,https://indobis.in/otodetails/?otolithID=CMLRE/OTL/00014,Off East Andaman
00003.jpg,CMLRE/OTL/00007,Narcetes stomias,Alepocephalidae,https://indobis.in/otodetails/?otolithID=CMLRE/OTL/00007,Off Trivandrum
00012.jpg,CMLRE/OTL/00032,Coloconger raniceps,Colocongridae,https://indobis.in/otodetails/?otolithID=CMLRE/OTL/00032,Off Trivandrum
00035.jpg,CMLRE/OTL/00009,Aphanopus microphthalmus,Trichiuridae,https://indobis.in/otodetails/?otolithID=CMLRE/OTL/00009,Off Trivandrum
00017.jpg,CMLRE/OTL/00021,Neoepinnula orientalis,Gempylidae,https://indobis.in/otodetails/?otolithID=CMLRE/OTL/00021,Off Chennai
00013.jpg,CMLRE/OTL/00010,Bathyuroconger vicinus,Congridae,https://indobis.in/otodetails/?otolithID=CMLRE/OTL/00010,Off Trivandrum
00033.jpg,CMLRE/OTL/00012,Gephyroberys darwinii,Trachichthyidae,https://indobis.in/otodetails/?otolithID=CMLRE/OTL/00012,Off East Andaman
00009.jpg,CMLRE/OTL/00037,Psenopsis cyanea,Centrolophidae,https://indobis.in/otodetails/?otolithID=CMLRE/OTL/00037,Off Kannur
00019.jpg,CMLRE/OTL/00022,Physiculus roseus,Moridae,https://indobis.in/otodetails/?otolithID=CMLRE/OTL/00022,Off Chennai
00016.jpg,CMLRE/OTL/00015,Rexea prometheoides,Gempylidae,https://indobis.in/otodetails/?otolithID=CMLRE/OTL/00015,Off Allapuzha
00023.jpg,CMLRE/OTL/00027,Cubiceps baxteri,Nomeidae,https://indobis.in/otodetails/?otolithID=CMLRE/OTL/00027,Off South Andaman
00021.jpg,CMLRE/OTL/00018,Nemipterus japonicus,Nemipteridae,https://indobis.in/otodetails/?otolithID=CMLRE/OTL/00018,Off Allapuzha
00004.jpg,CMLRE/OTL/00030,Alepocephalus bicolor,Alepocephalidae,https://indobis.in/otodetails/?otolithID=CMLRE/OTL/00030,Off South-West Andaman
00029.jpg,CMLRE/OTL/00004,Polymixia fusca,Polymixiidae,https://indobis.in/otodetails/?otolithID=CMLRE/OTL/00004,Off East Andaman
00024.jpg,CMLRE/OTL/00008,Lamprogrammus niger,Ophidiidae,https://indobis.in/otodetails/?otolithID=CMLRE/OTL/00008,Off Trivandrum
00020.jpg,CMLRE/OTL/00036,Gavialiceps taeniola,Muraenesocidae,https://indobis.in/otodetails/?otolithID=CMLRE/OTL/00036,Off Karwar
00006.jpg,CMLRE/OTL/00034,Bathyclupea elongata,Bathyclupeidae,https://indobis.in/otodetails/?otolithID=CMLRE/OTL/00034,Off Trivandrum
00022.jpg,CMLRE/OTL/00031,Lamprogrammus fragilis,Neobythitinae,https://indobis.in/otodetails/?otolithID=CMLRE/OTL/00031,Off Karwar
00034.jpg,CMLRE/OTL/00024,Hoplostethus rubellopterus,Trachichthyidae,https://indobis.in/otodetails/?otolithID=CMLRE/OTL/00024,Off Malappuram
00010.jpg,CMLRE/OTL/00003,Chlorophthalmus actifrons,Chlorophthalmidae,https://indobis.in/otodetails/?otolithID=CMLRE/OTL/00003,Off East Andaman
