scientific_name,count
Synagrops japonicus,1
Alepocephalus blanfordii,1
Narcetes stomias,1
Alepocephalus bicolor,1
Talismania longifilis,1
Bathyclupea elongata,1
Beryx splendens,1
Psenopsis obscura,1
Psenopsis cyanea,1
Chlorophthalmus actifrons,1
Chlorophthalmus corniger,1
Coloconger raniceps,1
Bathyuroconger vicinus,1
Xenomystax trucidans,1
Diretmoides veriginae,1
Rexea prometheoides,1
Neoepinnula orientalis,1
Bathypterois atricolor,1
Physiculus roseus,1
Gavialiceps taeniola,1
Nemipterus japonicus,1
Lamprogrammus fragilis,1
Cubiceps baxteri,1
Lamprogrammus niger,1
Ostracoberx dorygenys,1
Bembrops caudimacula,1
Satyrichthys milleri,1
Grammoplites suppositus,1
Polymixia fusca,1
Atrobucca nibe,1
Saurida tumbil,1
Hoplostethus melanopus,1
Gephyroberys darwinii,1
Hoplostethus rubellopterus,1
Aphanopus microphthalmus,1
Trichurus lepturus,1
Pterygotrigla hemistica,1
