{
  "query_image": "00002.jpg",
  "results": [
    {
      "image": "00002.jpg",
      "scientific_name": "Alepocephalus blanfordii",
      "family": "Alepocephalidae",
      "locality": "Off Trivandrum",
      "detail_url": "https://indobis.in/otodetails/?otolithID=CMLRE/OTL/00006",
      "score": 1.0
    },
    {
      "image": "00033.jpg",
      "scientific_name": "Gephyroberys darwinii",
      "family": "Trachichthyidae",
      "locality": "Off East Andaman",
      "detail_url": "https://indobis.in/otodetails/?otolithID=CMLRE/OTL/00012",
      "score": 0.7409093379974365
    },
    {
      "image": "00014.jpg",
      "scientific_name": "Xenomystax trucidans",
      "family": "Congridae",
      "locality": "Off Trivandrum",
      "detail_url": "https://indobis.in/otodetails/?otolithID=CMLRE/OTL/00033",
      "score": 0.7368885278701782
    },
    {
      "image": "00036.jpg",
      "scientific_name": "Trichurus lepturus",
      "family": "Trichiuridae",
      "locality": "Off Chennai",
      "detail_url": "https://indobis.in/otodetails/?otolithID=CMLRE/OTL/00023",
      "score": 0.7067011594772339
    },
    {
      "image": "00037.jpg",
      "scientific_name": "Pterygotrigla hemistica",
      "family": "Triglidae",
      "locality": "Off Allapuzha",
      "detail_url": "https://indobis.in/otodetails/?otolithID=CMLRE/OTL/00019",
      "score": 0.6836607456207275
    }
  ]
}
